title,company,location
Data Engineer,Robert Half,"Albuquerque, Bernalillo County"
Data Engineer,CyberCoders,"Philadelphia, Philadelphia County"
Data Engineer,swipejobs LLC,"Houston, Houston County"
Data Engineer: III,LHH US,"Centennial, Arapahoe County"
Senior Data Engineer,Honeywell,"Marietta, Cobb County"
Senior Data Engineer,Honeywell,"Woodstock, Windham County"
Senior Data Engineer,Honeywell,"Tucker, DeKalb County"
Senior Data Engineer,Honeywell,"Mableton, Cobb County"
Senior Data Engineer,Honeywell,"Roswell, Fulton County"
Senior Data Engineer,Honeywell,US
